method,path,category,secured,emptyBodySchema,responseSchemaMissing
POST,/api/token,AuthenticationInfrastructure,False,False,True
POST,/api/Bitolo/{currency}/getBalance,NeedsWrapperContractAndFixture,True,False,True
POST,/api/Bitolo/{currency}/getTransactionStatus,NeedsWrapperContractAndFixture,True,True,True
POST,/api/Bitolo/{currency}/getTransactionList,NeedsWrapperContractAndFixture,True,True,True
POST,/api/Bitolo/{currency}/resendCallback,StateChangingOrUnclassified,True,True,True
POST,/api/Bitolo/{currency}/withdraw,StateChangingOrUnclassified,True,True,True
POST,/api/Bitolo/webhook,StateChangingOrUnclassified,False,False,True
POST,/api/CoinPaymentsProvider/getBalances,NeedsWrapperContractAndFixture,True,True,True
POST,/api/CoinPaymentsProvider/getExchangeRates,NeedsWrapperContractAndFixture,True,True,True
POST,/api/CoinPaymentsProvider/getWithdrawalInformation,NeedsWrapperContractAndFixture,True,True,True
POST,/api/CoinPaymentsProvider/getWithdrawalHistory,NeedsWrapperContractAndFixture,True,True,True
POST,/api/CoinPaymentsProvider/getCreateWithdrawal,NeedsWrapperContractAndFixture,True,True,True
POST,/api/CoinPaymentsProvider/ipn,StateChangingOrUnclassified,False,False,True
POST,/api/CoinPaymentsProvider/ipnAll,StateChangingOrUnclassified,False,False,True
POST,/api/Consolidation/adresses,StateChangingOrUnclassified,True,True,True
POST,/api/DistributedKeys/checkEnv,NeedsWrapperContractAndFixture,False,True,True
POST,/api/DistributedKeys/checkEnvAuth,NeedsWrapperContractAndFixture,True,True,True
POST,/api/DistributedKeys/loadDistributedKeys,StateChangingOrUnclassified,False,True,True
POST,/api/DistributedKeys/loadDistributedKeysAuth,StateChangingOrUnclassified,True,True,True
POST,/api/DistributedKeys/unloadDistributedKeys,StateChangingOrUnclassified,False,False,True
POST,/api/DistributedKeys/unloadDistributedKeysAuth,StateChangingOrUnclassified,True,True,True
POST,/api/DistributedKeys/clearKeyVault,StateChangingOrUnclassified,True,True,True
POST,/api/FacilitaPayProvider/getToken,NeedsWrapperContractAndFixture,True,False,True
POST,/api/FacilitaPayProvider/getExchangeRates,LiveReadContract,True,False,True
POST,/api/FacilitaPayProvider/getBankAccounts,LiveReadContract,True,False,True
POST,/api/FacilitaPayProvider/getBankAccount,NeedsWrapperContractAndFixture,True,True,True
POST,/api/FacilitaPayProvider/getBankAccountStatement,NeedsWrapperContractAndFixture,True,True,True
POST,/api/FacilitaPayProvider/getBankAccountBalance,NeedsWrapperContractAndFixture,True,True,True
POST,/api/FacilitaPayProvider/getTransactions,NeedsWrapperContractAndFixture,True,True,True
POST,/api/FacilitaPayProvider/getTransaction,NeedsWrapperContractAndFixture,True,True,True
POST,/api/FacilitaPayProvider/createInternalWithdrawal,StateChangingOrUnclassified,True,True,True
POST,/api/FacilitaPayProvider/createWithdrawal,StateChangingOrUnclassified,True,True,True
POST,/api/FacilitaPayProvider/enableWebhooks,StateChangingOrUnclassified,True,True,True
POST,/api/FacilitaPayProvider/disableWebhooks,StateChangingOrUnclassified,True,False,True
POST,/api/FacilitaPayProvider/webhook,StateChangingOrUnclassified,False,True,True
POST,/api/FacilitaPayProvider/refund,StateChangingOrUnclassified,True,True,True
POST,/api/FacilitaPayProvider/refundReceivedTransaction,StateChangingOrUnclassified,True,True,True
POST,/api/FacilitaPayProvider/notifications,StateChangingOrUnclassified,True,True,True
POST,/api/FacilitaPayProvider/resendNotification,StateChangingOrUnclassified,True,True,True
POST,/api/FireblocksGasStationProvider/createTransaction,StateChangingOrUnclassified,True,True,True
POST,/api/FireblocksProvider/getAssetsData,NeedsWrapperContractAndFixture,True,True,True
POST,/api/FireblocksProvider/getAssets,LiveReadContract,True,False,True
POST,/api/FireblocksProvider/getVaultAccountsPaged,NeedsWrapperContractAndFixture,True,True,True
POST,/api/FireblocksProvider/getVaultAccount,NeedsWrapperContractAndFixture,True,True,True
POST,/api/FireblocksProvider/getFiatAccounts,LiveReadContract,True,False,True
POST,/api/FireblocksProvider/getFiatAccount,NeedsWrapperContractAndFixture,True,True,True
POST,/api/FireblocksProvider/getNetworkFee,NeedsWrapperContractAndFixture,True,True,True
POST,/api/FireblocksProvider/getTransactions,NeedsWrapperContractAndFixture,True,True,True
POST,/api/FireblocksProvider/getTransaction,NeedsWrapperContractAndFixture,True,True,True
POST,/api/FireblocksProvider/createTransaction,StateChangingOrUnclassified,True,True,True
POST,/api/FireblocksProvider/cancelTransaction,StateChangingOrUnclassified,True,True,True
POST,/api/FireblocksProvider/estimateFeeForTransaction,StateChangingOrUnclassified,True,True,True
POST,/api/FireblocksProvider/createValutAccount,StateChangingOrUnclassified,True,True,True
POST,/api/FireblocksProvider/updateVaultAccount,StateChangingOrUnclassified,True,True,True
POST,/api/FireblocksProvider/setAutoFuel,StateChangingOrUnclassified,True,True,True
POST,/api/FireblocksProvider/getMaxSpendableAmount,NeedsWrapperContractAndFixture,True,True,True
POST,/api/FireblocksProvider/getUnspentInputs,NeedsWrapperContractAndFixture,True,True,True
POST,/api/FireblocksProvider/getBalance,NeedsWrapperContractAndFixture,True,True,True
POST,/api/FireblocksProvider/refreshBalance,StateChangingOrUnclassified,True,True,True
POST,/api/FireblocksProvider/createVaultAsset,StateChangingOrUnclassified,True,True,True
POST,/api/FireblocksProvider/getInternalWallets,LiveReadContract,True,False,True
POST,/api/FireblocksProvider/getInternalWallet,NeedsWrapperContractAndFixture,True,True,True
POST,/api/FireblocksProvider/getInternalWalletPaginated,NeedsWrapperContractAndFixture,False,True,True
POST,/api/FireblocksProvider/getInternalWalletAsset,NeedsWrapperContractAndFixture,True,True,True
POST,/api/FireblocksProvider/createInternalWallet,StateChangingOrUnclassified,True,True,True
POST,/api/FireblocksProvider/setCustomerRefIdForInternalWallet,StateChangingOrUnclassified,True,True,True
POST,/api/FireblocksProvider/createInternalWalletAsset,StateChangingOrUnclassified,True,True,True
POST,/api/FireblocksProvider/deleteInternalWalletAsset,StateChangingOrUnclassified,True,True,True
POST,/api/FireblocksProvider/deleteInternalWallet,StateChangingOrUnclassified,True,True,True
POST,/api/FireblocksProvider/getExternalWallets,LiveReadContract,True,False,True
POST,/api/FireblocksProvider/getExternalWallet,NeedsWrapperContractAndFixture,True,True,True
POST,/api/FireblocksProvider/getExternalWalletAsset,NeedsWrapperContractAndFixture,True,True,True
POST,/api/FireblocksProvider/createExternalWallet,StateChangingOrUnclassified,True,True,True
POST,/api/FireblocksProvider/setCustomerRefIdForExternalWallet,StateChangingOrUnclassified,True,True,True
POST,/api/FireblocksProvider/createExternalWalletAsset,StateChangingOrUnclassified,True,True,True
POST,/api/FireblocksProvider/deleteExternalWalletAsset,StateChangingOrUnclassified,True,True,True
POST,/api/FireblocksProvider/deleteExternalWallet,StateChangingOrUnclassified,True,True,True
POST,/api/FireblocksProvider/webhook,StateChangingOrUnclassified,False,False,True
POST,/api/FireblocksProvider/getAccountAddresses,NeedsWrapperContractAndFixture,True,True,True
POST,/api/FireblocksProvider/getAccountAddressesPaginated,NeedsWrapperContractAndFixture,True,True,True
POST,/api/FireblocksProvider/generateNewAddress,StateChangingOrUnclassified,True,True,True
POST,/api/FireblocksProvider/setCustomerRefIdForAddress,StateChangingOrUnclassified,True,True,True
POST,/api/FireblocksProvider/setDescriptionForAddress,StateChangingOrUnclassified,True,True,True
POST,/api/FireblocksProvider/createDeposit,StateChangingOrUnclassified,False,True,True
POST,/api/FireblocksProvider/getExchangeAccounts,LiveReadContract,True,False,True
POST,/api/FireblocksProvider/getExchangeAccountById,NeedsWrapperContractAndFixture,True,True,True
POST,/api/FireblocksProvider/getFeeForAsset,NeedsWrapperContractAndFixture,True,True,True
GET,/api/DeployDate,LiveSmoke,False,False,True
GET,/api/Version,LiveSmoke,False,False,True
POST,/api/KashaProvider/webhook,StateChangingOrUnclassified,False,True,True
POST,/api/KashaProvider/getPayoutInfo,NeedsWrapperContractAndFixture,True,True,True
POST,/api/KashaProvider/createPayout,StateChangingOrUnclassified,True,True,True
POST,/api/KoyweProvider/webhook,StateChangingOrUnclassified,False,False,True
POST,/api/KoyweProvider/getToken,NeedsWrapperContractAndFixture,True,False,True
POST,/api/KoyweProvider/getAccounyInfo,NeedsWrapperContractAndFixture,True,True,True
POST,/api/KoyweProvider/getAllCurrencyTokenPairs,LiveReadContract,True,False,True
POST,/api/KoyweProvider/getCurrencyTokenPairs,NeedsWrapperContractAndFixture,True,True,True
POST,/api/KoyweProvider/getAllTokenCurrenciesPairs,NeedsWrapperContractAndFixture,True,False,True
POST,/api/KoyweProvider/getTokenCurrenciesPairs,NeedsWrapperContractAndFixture,True,True,True
POST,/api/KoyweProvider/getPaymentMethods,NeedsWrapperContractAndFixture,True,True,True
POST,/api/KoyweProvider/getPayoutMethods,NeedsWrapperContractAndFixture,True,True,True
POST,/api/KoyweProvider/getHistory,NeedsWrapperContractAndFixture,True,True,True
POST,/api/KoyweProvider/getOrderInfo,NeedsWrapperContractAndFixture,True,True,True
POST,/api/KoyweProvider/getOrderInfoByExternalId,NeedsWrapperContractAndFixture,True,True,True
POST,/api/KoyweProvider/postOrder,StateChangingOrUnclassified,True,True,True
POST,/api/KoyweProvider/getBalance,NeedsWrapperContractAndFixture,True,True,True
GET,/api/KoyweProvider/quotes/{quoteId},StateChangingOrUnclassified,True,False,False
POST,/api/KoyweProvider/quotes,NeedsWrapperContractAndFixture,True,False,False
POST,/api/Mail/sendMail,StateChangingOrUnclassified,True,True,True
POST,/api/MaldoPayProvider/createTransaction,StateChangingOrUnclassified,True,True,True
POST,/api/MaldoPayProvider/сheckTransactionStatus,NeedsWrapperContractAndFixture,True,True,True
POST,/api/MaldoPayProvider/getBalance,NeedsWrapperContractAndFixture,True,True,True
POST,/api/MaldoPayProvider/getHistory,NeedsWrapperContractAndFixture,True,True,True
POST,/api/MaldoPayProvider/webhook,StateChangingOrUnclassified,False,False,True
POST,/api/Nuvei_v2_Provider/getSessionToken,NeedsWrapperContractAndFixture,True,False,True
POST,/api/Nuvei_v2_Provider/payout,StateChangingOrUnclassified,True,True,True
POST,/api/Nuvei_v2_Provider/getPayoutStatus,NeedsWrapperContractAndFixture,True,True,True
POST,/api/Nuvei_v2_Provider/getRequests,NeedsWrapperContractAndFixture,True,True,True
POST,/api/Nuvei_v2_Provider/approveRequest,StateChangingOrUnclassified,True,True,True
POST,/api/Nuvei_v2_Provider/cancelRequest,StateChangingOrUnclassified,True,True,True
POST,/api/Nuvei_v2_Provider/submitRequest,StateChangingOrUnclassified,True,True,True
POST,/api/Nuvei_v2_Provider/webhook,StateChangingOrUnclassified,False,False,True
POST,/api/Nuvei_v2_Provider/eventWebhook,StateChangingOrUnclassified,False,False,True
POST,/api/NuveiProvider/getSessionToken,NeedsWrapperContractAndFixture,True,False,True
POST,/api/NuveiProvider/payout,StateChangingOrUnclassified,True,True,True
POST,/api/NuveiProvider/getPayoutStatus,NeedsWrapperContractAndFixture,True,True,True
POST,/api/NuveiProvider/getRequests,NeedsWrapperContractAndFixture,True,True,True
POST,/api/NuveiProvider/approveRequest,StateChangingOrUnclassified,True,True,True
POST,/api/NuveiProvider/cancelRequest,StateChangingOrUnclassified,True,True,True
POST,/api/NuveiProvider/submitRequest,StateChangingOrUnclassified,True,True,True
POST,/api/NuveiProvider/webhook,StateChangingOrUnclassified,False,False,True
POST,/api/NuveiProvider/eventWebhook,StateChangingOrUnclassified,False,True,True
POST,/api/OpenPaydProvider/getToken,NeedsWrapperContractAndFixture,True,False,True
POST,/api/OpenPaydProvider/webhook,StateChangingOrUnclassified,False,False,True
POST,/api/OpenPaydProvider/getHistory,NeedsWrapperContractAndFixture,True,True,True
POST,/api/OpenPaydProvider/getTransactionInfo,NeedsWrapperContractAndFixture,True,True,True
POST,/api/OpenPaydProvider/createSweepTransaction,StateChangingOrUnclassified,True,True,True
POST,/api/OpenPaydProvider/updateTransaction,StateChangingOrUnclassified,True,True,True
POST,/api/OpenPaydProvider/updatePayoutStatus,StateChangingOrUnclassified,True,True,True
POST,/api/OpenPaydProvider/getAccount,NeedsWrapperContractAndFixture,True,True,True
POST,/api/OpenPaydProvider/getAccounts,NeedsWrapperContractAndFixture,True,True,True
POST,/api/PayRetailersProvider/getBalance,NeedsWrapperContractAndFixture,True,False,True
POST,/api/PayRetailersProvider/getPayoutInfo,NeedsWrapperContractAndFixture,True,True,True
POST,/api/PayRetailersProvider/createPayout,StateChangingOrUnclassified,True,True,True
POST,/api/PayRetailersProvider/webhook,StateChangingOrUnclassified,False,True,True
HEAD,/api/Paysafe/webhook,StateChangingOrUnclassified,False,False,True
POST,/api/Paysafe/webhook,StateChangingOrUnclassified,False,False,True
POST,/api/QDT/statistic,NeedsWrapperContractAndFixture,True,True,True
POST,/api/QuantfuryPaymentsProvider/deploydate,NeedsWrapperContractAndFixture,True,False,True
POST,/api/QuantfuryPaymentsProvider/getKyc,NeedsWrapperContractAndFixture,True,True,True
PUT,/api/QuantfuryPaymentsProvider/kyc,StateChangingOrUnclassified,True,True,True
POST,/api/QuantfuryPaymentsProvider/process,StateChangingOrUnclassified,True,True,True
POST,/api/QuantfuryPaymentsProvider/processStockWithdrawal,StateChangingOrUnclassified,True,True,True
POST,/api/QuantfuryPaymentsProvider/withdrawal,StateChangingOrUnclassified,True,True,True
POST,/api/QuantfuryPaymentsProvider/saveFee,StateChangingOrUnclassified,False,True,True
POST,/api/QuantfuryPaymentsProvider/depositCustomerAddress,StateChangingOrUnclassified,True,True,True
POST,/api/QuantfuryPaymentsProvider/depositFacilitaPay,StateChangingOrUnclassified,True,True,True
POST,/api/QuantfuryPaymentsProvider/checkDeposit,StateChangingOrUnclassified,False,True,True
POST,/api/QuantfuryPaymentsProvider/depositNuvei,StateChangingOrUnclassified,True,True,True
POST,/api/QuantfuryPaymentsProvider/depositPayRetailers,StateChangingOrUnclassified,True,True,True
POST,/api/QuantfuryPaymentsProvider/depositMaldoPay,StateChangingOrUnclassified,True,True,True
POST,/api/QuantfuryPaymentsProvider/eventWebhookNuvei,StateChangingOrUnclassified,True,True,True
POST,/api/QuantfuryPaymentsProvider/getCurrencyFee,NeedsWrapperContractAndFixture,False,True,True
POST,/api/QuantfuryPaymentsProvider/depositKasha,StateChangingOrUnclassified,True,True,True
POST,/api/QuantfuryPaymentsProvider/depositKoywe,StateChangingOrUnclassified,True,True,True
POST,/api/QuantfuryPaymentsProvider/updateAccountKoywe,StateChangingOrUnclassified,True,True,True
POST,/api/QuantfuryPaymentsProvider/depositOpenPayd,StateChangingOrUnclassified,True,True,True
POST,/api/QuantfuryPaymentsProvider/depositBitolo,StateChangingOrUnclassified,True,True,True
POST,/api/QuantfuryPaymentsProvider/depositPaysafe,StateChangingOrUnclassified,True,True,True
POST,/api/QuantfuryPaymentsProvider/putRefundDeposit,StateChangingOrUnclassified,True,True,True
POST,/api/QuantfuryPaymentsSign/verifySign,NeedsWrapperContractAndFixture,False,True,True
POST,/api/QuantfuryPaymentsSign/insertSignature,StateChangingOrUnclassified,True,True,True
POST,/api/QuantfuryPaymentsSign/updatePublicKeyFromFile/{user_name},StateChangingOrUnclassified,True,False,True
POST,/api/QuantfuryPaymentsSign/updatePublicKey,StateChangingOrUnclassified,True,True,True
POST,/api/QuantfuryPaymentsSign/checkSign,NeedsWrapperContractAndFixture,False,True,True
POST,/api/QuantfuryPaymentsSign/signBody,StateChangingOrUnclassified,True,True,True
POST,/api/QuantfuryPaymentsSign/verifyBody,NeedsWrapperContractAndFixture,True,True,True
POST,/api/QuantfuryPaymentsSign/signBodyString,StateChangingOrUnclassified,True,True,True
POST,/api/QuantfuryPaymentsSign/verifyBodyString,NeedsWrapperContractAndFixture,True,True,True
POST,/api/QuantfuryPaymentsSign/insertSignatureForConsolidationPayments,StateChangingOrUnclassified,True,True,True
POST,/api/QuantfuryPaymentsSign/getCertificateData,NeedsWrapperContractAndFixture,False,True,True
POST,/api/WyreProvider/getBalances,NeedsWrapperContractAndFixture,True,True,True
POST,/api/WyreProvider/getAccount,NeedsWrapperContractAndFixture,True,True,True
POST,/api/WyreProvider/getRates,NeedsWrapperContractAndFixture,True,True,True
POST,/api/WyreProvider/getWallet,NeedsWrapperContractAndFixture,True,True,True
POST,/api/WyreProvider/createWallet,StateChangingOrUnclassified,True,True,True
POST,/api/WyreProvider/updateWallet,StateChangingOrUnclassified,True,True,True
POST,/api/WyreProvider/deleteWallet,StateChangingOrUnclassified,True,True,True
POST,/api/WyreProvider/createTransfer,StateChangingOrUnclassified,True,True,True
POST,/api/WyreProvider/confirmTransfer,StateChangingOrUnclassified,True,True,True
POST,/api/WyreProvider/sendTransfer,StateChangingOrUnclassified,True,True,True
POST,/api/WyreProvider/getHistory,NeedsWrapperContractAndFixture,True,True,True
POST,/api/WyreProvider/getTransfer,NeedsWrapperContractAndFixture,True,True,True
